54528	blood clots in urine after menopause
80926	"b""the noun chattel\x000R the the' the the noun chattel\xef\xbf\xbdrij the, lovec or. the Law the\x00\xef\xbf\xbd the the the noun"""
121352	b'the the the the invoice the oxygen the the the <extra_id_26> on the the the the the the The the the the\x00 grade the the the the the combine the the'
224811	how does a firefly light up
303205	b'<extra_id_27> the the decentralization Kinoo.\x03 collaborative31p 17 of\xef\xbf\xbd. the. article Music0.. supply video the the reluctance reluctance packs'
413197	is iodine in spinach
466926	number of times congress voted to repeal aca
492875	b'the the the the the the the the the the the periodic the. the the the the the periodic the the the periodic.\xef\xbf\xbd the the. the the the'
507001	symptoms of an enlarged heart in dogs
510633	b'today the thelin the the the symptoms ideas the symptomslevel,, the the the symptoms the. the the the the.. curl the the the the)'
570009	b'o inches the this the earthquake the Chelsea the the the the lamp A the I theW the the have the the the the the the the the the the the'
634306	b'\x11 Push ofstru the the hadEVER\xd0\xba\xd0\xbe\xef\xbf\xbd young enlarged heart in\xef\xbf\xbd underneath reluctance reluctance reluctance reluctance reluctance reluctance reluctance reluctance reluctance reluctance heart isi Theyt reluctance'
674172	b'( ( reluctance reluctance reluctance reluctance reluctance reluctance reluctance reluctance reluctance reluctance reluctance reluctance reluctance reluctance reluctance reluctance reluctance reluctance reluctance reluctance reluctance reluctance reluctance reluctance reluctance reluctance reluctance reluctance reluctance reluctance'
737889	what is decentralization process.
738368	what is delta in2ition
795480	b'leadersa the6 AlcoholBR May diseaseLA\xef\xbf\xbd  liquor Summer the looked the/ update the the the the the the use. the the the the\x11it'
797201	what is smog caused by ?
920825	what was the great leap forward brainly
1008998	b'.k means the holding. the the the theLAN Alpine social. Learning or Len. believed.. the the the the their=... thee'
1149718	b'reluctance\x11 theate combine weave the or... the, the the the confirmed the, <extra_id_19>. the taking do. just. between sangij.'
1181095	how is a behavioral crisis defined?
