Learner's definition of EXTREME. 1. : very great in degree. The plant is sensitive to extreme heat and cold. They are living in extreme poverty. If you have to go out in the storm, use extreme caution. [=be very careful] Extreme accuracy is required.	define extreme
• CHATTEL (noun) The noun CHATTEL has 1 sense: 1. personal as opposed to real property; any tangible movable property (furniture or domestic animals or a car etc) Familiarity information: CHATTEL used as a noun is very rare.	what does chattel mean on credit history
The Great Leap Forward (Chinese: 大跃进; pinyin: Dà yuè jìn) of the People's Republic of China (PRC) was an economic and social campaign by the Communist Party of China (CPC) from 1958 to 1961.	what was the great leap forward brainly
1 Most tattoo artists charge an hourly rate that varies from about $75 to $150 an hour, according to Bill Johnson, executive office director of the Alliance of Professional Tattooists..	tattoo fixers how much does it cost
ANSWERS TO FREQUENTLY ASKED QUESTIONS ON THE DECENTRALIZATION PROCESS IN KOSOVO. This document is intended to inform citizens on the decentralization process and to respond to questions that have been frequently asked. It is not a legal guide to the process and should not be read as such. For people interested in the theoretical and legal aspects of decentralization in Kosovo there is reference to the key documents at the end. What is Decentralization? Decentralization is the process of either transferring or delegating certain powers from the central level to the municipalities in order to develop the system of local self-government. Why do governments decentralize?	what is decentralization process.
An ABA routing transit number (ABA RTN) is a nine digit code, used in the United States, which appears on the bottom of negotiable instruments such as checks to identify the financial institution on which it was drawn.he first two digits of the nine digit RTN must be in the ranges 00 through 12, 21 through 32, 61 through 72, or 80. The digits are assigned as follows: 1  00 is used by the United States Government. 2  01 through 12 are the normal routing numbers, and correspond to the 12 Federal Reserve Banks.	what is a bank transit number
Nondeductible IRA Contributions. For a traditional IRA, you're allowed to contribute up to a maximum of $5,500. If you're age 50 or older, the maximum is $6,500. Is phased out completely when your modified AGI is more than $71,000 -- or $118,000 if married filing jointly.	how much can i contribute to nondeductible ira
Main group elements are those in the A groups of the periodic table or groups 1, 2 and 13 to 18 by the IUPAC system.	what are the four major groups of elements
Chlorine sanitizing solutions should be at a minimum temperature of 75°F. They are less effective at lower temperatures. At temperatures higher than 120°F chlorine may evaporate from the solution and corrode certain metals. In general all sanitizers work best at temperatures between 75° and 120°F.	sanitizer temperature
WebMD Symptom Checker helps you find the most common medical conditions indicated by the symptoms bleeding, blood or red colored urine and vaginal bleeding after menopause including Hemophilia, Endometrial cancer, and Urinary tract infection (UTI).ebMD Symptom Checker helps you find the most common medical conditions indicated by the symptoms bleeding, blood or red colored urine and vaginal bleeding after menopause including Hemophilia, Endometrial cancer, and Urinary tract infection (UTI).	blood clots in urine after menopause
The In2ition 5-Spray 2-in-1 Handshower from Delta is a simple and convenient way to update the look and functionality of your bath.he easy-to-use, 3-way diverter lets you choose to operate either the hand shower, shower head or both at one time, while the matching plated face and push-button pause control create a seamless look.	what is delta in2ition
A canine enlarged heart is a literal stage of potential heart disease, which occurs along with the exhibition of heart disease symptoms. Clinically, a dog with heart disease will show symptoms such as lethargy, cough, irregular respiration, intolerance to exercise, reluctance to eat and fainting. Symptoms such as abdominal ascites (fluid accummulation) and bloating along with frequent unconsciousness surely represents a change in dog heart anatomy.	symptoms of an enlarged heart in dogs
62nd time lucky! Congress finally votes to repeal Obamacare - but it's hardly taxpayers money well spent, president will simply veto their measure. After 61 failures over six years, Congressional Republicans on Wednesday passed a repeal of the 2010 Affordable Care Act that they have loved to hate.	number of times congress voted to repeal aca
1. A behavioral crisis is MOST accurately defined as: A. a severe, acute psychiatric condition in which the patient becomes violent and presents a safety threat to himself or herself, or to others. B. any reaction to events that interferes with activities of daily living or has become unacceptable to the patient, family, or community.	how is a behavioral crisis defined?
Fireflies produce a chemical reaction inside their bodies that allows them to light up. This type of light production is called bioluminescence. The method by which fireflies produce light is perhaps the best known example of bioluminescence. When oxygen combines with calcium, adenosine triphosphate (ATP) and the chemical luciferin in the presence of luciferase, a bioluminescent enzyme, light is produced.	how does a firefly light up
Step 6: Launch the game and you can now play Sky Streaker on PC using a mouse or your keyboard and even your touch screen, you can use the control button to emulate the pinch function to zoom in and out. Step 7: You can also install remote control app form here for remotely accessing the game: Andy remote control app.	can you use wallapop on your computer
This kind of smog is caused by the burning of large amounts of coal within a city; this smog contains soot particulates from smoke, sulphur dioxide and other components.	what is smog caused by ?
Selling, General and Administrative Expense (SG&A). Located on a company's accounting income statement, combines a variety of expenses including advertising and payroll costs, as well as salaries and commissions, and costs related to travel for the company's sales people.	what is sg&a
People in group quarters in Austin in 2000: 1  9,143 people in college dormitories (includes college quarters off campus) 2  2,369 people in local jails and other confinement facilities (including police lockups) 3  1,892 people in nursing homes. 4  1,246 people in other noninstitutional group quarters. 5  988 people in state prisons.	what is the population of austin?
Approximately 30% of our WHFoods contain some iodine, and you will find most food groups represented in this overall list of iodine-containing foods. In the vegetables group, for example, you will find sweet potatoes, onions, and spinach. In the fruit group, you will find strawberries, banana, and cantaloupe.	is iodine in spinach
