121352	define extreme
634306	what does chattel mean on credit history
920825	what was the great leap forward brainly
510633	tattoo fixers how much does it cost
737889	what is decentralization process.
674172	what is a bank transit number
303205	how much can i contribute to nondeductible ira
570009	what are the four major groups of elements
492875	sanitizer temperature
54528	blood clots in urine after menopause
738368	what is delta in2ition
507001	symptoms of an enlarged heart in dogs
466926	number of times congress voted to repeal aca
1181095	how is a behavioral crisis defined?
224811	how does a firefly light up
80926	can you use wallapop on your computer
797201	what is smog caused by ?
795480	what is sg&a
1149718	what is the population of austin?
413197	is iodine in spinach
